{"cameraMode":{"drawMode":0,"name":"Shaded","section":"Shading Mode"},"sceneLighting":true,"audioPlay":false,"sceneViewState":{"showFog":true,"showMaterialUpdate":false,"showSkybox":true,"showFlares":true,"showImageEffects":true,"showParticleSystems":true},"in2DMode":false,"pivot":{"x":-80.1541976928711,"y":-14.925118446350098,"z":42.2061767578125},"rotation":{"x":0.07235729694366455,"y":-0.5097492337226868,"z":0.04307813569903374,"w":0.8561955094337463},"size":99.22164916992188,"orthographic":false}